Timestep,Field_0,Field_1,Field_2,Field_3
0,0.008795631118118763,7.650784969329834,0.001073082210496068,0.9594621658325195
