Timestep,Channel_0,Channel_1,Channel_2,Channel_3
0,1.2666032314300537,0.009997490793466568,0.0007769608055241406,0.23102827370166779
