Timestep,Field_0,Field_1,Field_2,Field_3
0,0.9958823323249817,0.8148735761642456,0.9996092319488525,0.8813373446464539
