Timestep,Channel_0,Channel_1,Channel_2,Channel_3
0,0.7380421161651611,0.9952629208564758,0.9997122287750244,0.837863564491272
