Channel,Avg_NMSE
Channel_0,1.047124981880188
Channel_1,0.010046174749732018
Channel_2,0.0007924590026959777
Channel_3,0.7219166159629822
