Timestep,Channel_0,Channel_1,Channel_2,Channel_3
0,8.696649551391602,0.010107491165399551,0.0007821754552423954,4.9679694175720215
