Channel,Avg_Pearson
Channel_0,0.9981328845024109
Channel_1,0.998042106628418
Channel_2,0.9980270862579346
Channel_3,0.9981333017349243
