Timestep,Channel_0,Channel_1,Channel_2,Channel_3
0,0.7102777361869812,0.9951263666152954,0.9997115731239319,0.8439726233482361
