Timestep,Field_0,Field_1,Field_2,Field_3
0,0.008776742033660412,0.0859604924917221,0.0011028229491785169,0.15395285189151764
