Timestep,Field_0,Field_1,Field_2,Field_3
0,0.9959436655044556,0.868867814540863,0.9996166229248047,0.9057586789131165
