Timestep,Field_0,Field_1,Field_2,Field_3
0,0.009865607134997845,0.07068217545747757,0.001159766223281622,0.12108127772808075
