Timestep,Field_0,Field_1,Field_2,Field_3
0,0.07648854702711105,0.17143499851226807,0.029053693637251854,0.21817654371261597
