Timestep,Channel_0,Channel_1,Channel_2,Channel_3
0,1.3181596994400024,0.010142767801880836,0.0007787602953612804,4.598606109619141
