Channel,Avg_NMSE
Channel_0,0.16184718906879425
Channel_1,0.010092118754982948
Channel_2,0.0007892248686403036
Channel_3,0.680234968662262
