Timestep,Channel_0,Channel_1,Channel_2,Channel_3
0,0.7804328203201294,0.9952513575553894,0.9997157454490662,0.8317715525627136
