Channel,Avg_Pearson
Channel_0,0.9981538653373718
Channel_1,0.9980635643005371
Channel_2,0.998049795627594
Channel_3,0.99815434217453
